{
"lengthUnit": "mil",
"remark": [],
"components": {
	"fields": ["COMPONENT_NO", "COMPONENT_NAME", "LAYER", "X_COORDINATE", "Y_COORDINATE", "ANGLE"],
	"rows": [
		[1, "C1", "T", 720, -910, 90],
		[2, "C2", "T", 2205, -925, 90],
		[3, "C3", "T", 1040, -910, 270],
		[4, "C4", "T", 1920, -920, 270],
		[5, "D1", "T", 750, -465, 270],
		[6, "D2", "T", 900, -465, 270],
		[7, "D3", "T", 1070, -465, 90],
		[8, "D4", "T", 1215, -465, 90],
		[9, "DC1", "T", 430.194, -580.284, 0],
		[10, "H1", "T", 2550, -450, 90],
		[11, "LED1", "T", 2000, -485, 0],
		[12, "U1", "T", 1610, -455, 0],
		[13, "U2", "T", 305, -915, 270],
		[14, "U3", "T", 2575, -875, 90],
		[15, "U4", "T", 2210, -480, 90],
		[16, "PAD1", "T", 720, -811.575, 0],
		[17, "PAD1", "B", 720, -811.575, 0],
		[18, "PAD2", "T", 720, -1008.425, 0],
		[19, "PAD2", "B", 720, -1008.425, 0],
		[20, "PAD3", "T", 2205, -856.1, 0],
		[21, "PAD3", "B", 2205, -856.1, 0],
		[22, "PAD4", "T", 2205, -993.9, 0],
		[23, "PAD4", "B", 2205, -993.9, 0],
		[24, "PAD5", "T", 1092.168, -859.999, 0],
		[25, "PAD5", "B", 1092.168, -859.999, 0],
		[26, "PAD6", "T", 987.838, -959.999, 0],
		[27, "PAD6", "B", 987.838, -959.999, 0],
		[28, "PAD7", "T", 1972.168, -869.999, 0],
		[29, "PAD7", "B", 1972.168, -869.999, 0],
		[30, "PAD8", "T", 1867.838, -969.999, 0],
		[31, "PAD8", "B", 1867.838, -969.999, 0],
		[32, "PAD9", "T", 750, -293.74, 0],
		[33, "PAD9", "B", 750, -293.74, 0],
		[34, "PAD10", "T", 750, -636.26, 0],
		[35, "PAD10", "B", 750, -636.26, 0],
		[36, "PAD11", "T", 900, -293.74, 0],
		[37, "PAD11", "B", 900, -293.74, 0],
		[38, "PAD12", "T", 900, -636.26, 0],
		[39, "PAD12", "B", 900, -636.26, 0],
		[40, "PAD13", "T", 1070, -636.26, 0],
		[41, "PAD13", "B", 1070, -636.26, 0],
		[42, "PAD14", "T", 1070, -293.74, 0],
		[43, "PAD14", "B", 1070, -293.74, 0],
		[44, "PAD15", "T", 1215, -636.26, 0],
		[45, "PAD15", "B", 1215, -636.26, 0],
		[46, "PAD16", "T", 1215, -293.74, 0],
		[47, "PAD16", "B", 1215, -293.74, 0],
		[48, "PAD17", "T", 552.234, -487.769, 0],
		[49, "PAD17", "B", 552.234, -487.769, 0],
		[50, "PAD18", "T", 308.154, -487.759, 0],
		[51, "PAD18", "B", 308.154, -487.759, 0],
		[52, "PAD19", "T", 2550, -500, 0],
		[53, "PAD19", "B", 2550, -500, 0],
		[54, "PAD20", "T", 2550, -400, 0],
		[55, "PAD20", "B", 2550, -400, 0],
		[56, "PAD21", "T", 1609.995, -454.805, 0],
		[57, "PAD21", "B", 1609.995, -454.805, 0],
		[58, "PAD22", "T", 1710.005, -455.195, 0],
		[59, "PAD22", "B", 1710.005, -455.195, 0],
		[60, "PAD23", "T", 1509.995, -454.805, 0],
		[61, "PAD23", "B", 1509.995, -454.805, 0],
		[62, "PAD24", "T", 305, -816.575, 0],
		[63, "PAD24", "B", 305, -816.575, 0],
		[64, "PAD25", "T", 305, -1013.425, 0],
		[65, "PAD25", "B", 305, -1013.425, 0],
		[66, "PAD26", "T", 2575, -973.425, 0],
		[67, "PAD26", "B", 2575, -973.425, 0],
		[68, "PAD27", "T", 2575, -776.575, 0],
		[69, "PAD27", "B", 2575, -776.575, 0],
		[70, "PAD28", "T", 2050, -485, 0],
		[71, "PAD28", "B", 2050, -485, 0],
		[72, "PAD29", "T", 1950, -485, 0],
		[73, "PAD29", "B", 1950, -485, 0],
		[74, "PAD30", "T", 2210, -680.79, 0],
		[75, "PAD30", "B", 2210, -680.79, 0],
		[76, "PAD31", "T", 2210, -279.21, 0],
		[77, "PAD31", "B", 2210, -279.21, 0]
	]
},
"pins": {
	"fields": ["PIN_NO", "PIN_NAME", "PIN_X", "PIN_Y", "LAYER", "PIN_TYPE", "NET_NAME", "NET_TYPE", "PAD_SHAPE", "PAD_SIZEX", "PAD_SIZEY", "HOLE_SIZE", "HOLE_LEN", "PAD_ANGLE"],
	"rows": [
		[1, "C1_1", 720, -1008.425, "T", "DIP", "$1N1516", "", "C", 62.992, 62.992, 39.37, 39.37, 90],
		[2, "C1_1", 720, -1008.425, "B", "DIP", "$1N1516", "", "C", 62.992, 62.992, 39.37, 39.37, 90],
		[3, "C1_2", 720, -811.575, "T", "DIP", "GND", "GND", "C", 62.992, 62.992, 39.37, 39.37, 90],
		[4, "C1_2", 720, -811.575, "B", "DIP", "GND", "GND", "C", 62.992, 62.992, 39.37, 39.37, 90],
		[5, "C2_1", 2205, -993.9, "T", "DIP", "+5V", "", "C", 62.992, 62.992, 39.37, 39.37, 180],
		[6, "C2_1", 2205, -993.9, "B", "DIP", "+5V", "", "C", 62.992, 62.992, 39.37, 39.37, 180],
		[7, "C2_2", 2205, -856.1, "T", "DIP", "GND", "GND", "C", 62.992, 62.992, 39.37, 39.37, 180],
		[8, "C2_2", 2205, -856.1, "B", "DIP", "GND", "GND", "C", 62.992, 62.992, 39.37, 39.37, 180],
		[9, "C3_1", 1092.168, -859.999, "T", "DIP", "GND", "GND", "C", 55.118, 55.118, 31.496, 31.496, 270],
		[10, "C3_1", 1092.168, -859.999, "B", "DIP", "GND", "GND", "C", 55.118, 55.118, 31.496, 31.496, 270],
		[11, "C3_2", 987.838, -959.999, "T", "DIP", "$1N1516", "", "C", 55.118, 55.118, 31.496, 31.496, 270],
		[12, "C3_2", 987.838, -959.999, "B", "DIP", "$1N1516", "", "C", 55.118, 55.118, 31.496, 31.496, 270],
		[13, "C4_1", 1972.168, -869.999, "T", "DIP", "GND", "GND", "C", 55.118, 55.118, 31.496, 31.496, 270],
		[14, "C4_1", 1972.168, -869.999, "B", "DIP", "GND", "GND", "C", 55.118, 55.118, 31.496, 31.496, 270],
		[15, "C4_2", 1867.838, -969.999, "T", "DIP", "+5V", "", "C", 55.118, 55.118, 31.496, 31.496, 270],
		[16, "C4_2", 1867.838, -969.999, "B", "DIP", "+5V", "", "C", 55.118, 55.118, 31.496, 31.496, 270],
		[17, "D1_1", 750, -293.74, "T", "DIP", "GND", "GND", "C", 70.866, 70.866, 39.37, 39.37, 270],
		[18, "D1_1", 750, -293.74, "B", "DIP", "GND", "GND", "C", 70.866, 70.866, 39.37, 39.37, 270],
		[19, "D1_2", 750, -636.26, "T", "DIP", "7-35VAC-1", "", "C", 70.866, 70.866, 39.37, 39.37, 270],
		[20, "D1_2", 750, -636.26, "B", "DIP", "7-35VAC-1", "", "C", 70.866, 70.866, 39.37, 39.37, 270],
		[21, "D2_1", 900, -293.74, "T", "DIP", "GND", "GND", "C", 70.866, 70.866, 39.37, 39.37, 270],
		[22, "D2_1", 900, -293.74, "B", "DIP", "GND", "GND", "C", 70.866, 70.866, 39.37, 39.37, 270],
		[23, "D2_2", 900, -636.26, "T", "DIP", "7-35VAC-2", "", "C", 70.866, 70.866, 39.37, 39.37, 270],
		[24, "D2_2", 900, -636.26, "B", "DIP", "7-35VAC-2", "", "C", 70.866, 70.866, 39.37, 39.37, 270],
		[25, "D3_1", 1070, -636.26, "T", "DIP", "7-35VAC-2", "", "C", 70.866, 70.866, 39.37, 39.37, 90],
		[26, "D3_1", 1070, -636.26, "B", "DIP", "7-35VAC-2", "", "C", 70.866, 70.866, 39.37, 39.37, 90],
		[27, "D3_2", 1070, -293.74, "T", "DIP", "$1N1516", "", "C", 70.866, 70.866, 39.37, 39.37, 90],
		[28, "D3_2", 1070, -293.74, "B", "DIP", "$1N1516", "", "C", 70.866, 70.866, 39.37, 39.37, 90],
		[29, "D4_1", 1215, -636.26, "T", "DIP", "7-35VAC-1", "", "C", 70.866, 70.866, 39.37, 39.37, 90],
		[30, "D4_1", 1215, -636.26, "B", "DIP", "7-35VAC-1", "", "C", 70.866, 70.866, 39.37, 39.37, 90],
		[31, "D4_2", 1215, -293.74, "T", "DIP", "$1N1516", "", "C", 70.866, 70.866, 39.37, 39.37, 90],
		[32, "D4_2", 1215, -293.74, "B", "DIP", "$1N1516", "", "C", 70.866, 70.866, 39.37, 39.37, 90],
		[33, "DC1_1", 552.234, -487.769, "T", "DIP", "7-35VAC-1", "", "O", 78.74, 181.102, 47.244, 145.67, 0],
		[34, "DC1_1", 552.234, -487.769, "B", "DIP", "7-35VAC-1", "", "O", 78.74, 181.102, 47.244, 145.67, 0],
		[35, "DC1_2", 308.154, -487.759, "T", "DIP", "7-35VAC-2", "", "O", 78.74, 181.102, 47.244, 145.67, 180],
		[36, "DC1_2", 308.154, -487.759, "B", "DIP", "7-35VAC-2", "", "O", 78.74, 181.102, 47.244, 145.67, 180],
		[37, "DC1_3", 434.134, -672.809, "T", "DIP", "NET_1", "", "O", 181.102, 78.74, 47.244, 145.67, 0],
		[38, "DC1_3", 434.134, -672.809, "B", "DIP", "NET_1", "", "O", 181.102, 78.74, 47.244, 145.67, 0],
		[39, "H1_1", 2550, -500, "T", "DIP", "+5V", "", "R", 78.74, 78.74, 47.244, 47.244, 90],
		[40, "H1_1", 2550, -500, "B", "DIP", "+5V", "", "R", 78.74, 78.74, 47.244, 47.244, 90],
		[41, "H1_2", 2550, -400, "T", "DIP", "GND", "GND", "C", 78.74, 78.74, 47.244, 47.244, 90],
		[42, "H1_2", 2550, -400, "B", "DIP", "GND", "GND", "C", 78.74, 78.74, 47.244, 47.244, 90],
		[43, "LED1_1", 1950, -485, "T", "DIP", "GND", "GND", "C", 70.866, 70.866, 39.37, 39.37, 0],
		[44, "LED1_1", 1950, -485, "B", "DIP", "GND", "GND", "C", 70.866, 70.866, 39.37, 39.37, 0],
		[45, "LED1_2", 2050, -485, "T", "DIP", "$1N1333", "", "C", 70.866, 70.866, 39.37, 39.37, 0],
		[46, "LED1_2", 2050, -485, "B", "DIP", "$1N1333", "", "C", 70.866, 70.866, 39.37, 39.37, 0],
		[47, "U1_1", 1509.995, -454.805, "T", "DIP", "$1N1516", "", "R", 70.866, 102.362, 47.244, 47.244, 0],
		[48, "U1_1", 1509.995, -454.805, "B", "DIP", "$1N1516", "", "R", 70.866, 102.362, 47.244, 47.244, 0],
		[49, "U1_2", 1609.995, -454.805, "T", "DIP", "GND", "GND", "O", 70.866, 102.362, 47.244, 47.244, 0],
		[50, "U1_2", 1609.995, -454.805, "B", "DIP", "GND", "GND", "O", 70.866, 102.362, 47.244, 47.244, 0],
		[51, "U1_3", 1710.005, -455.195, "T", "DIP", "+5V", "", "O", 70.866, 102.362, 47.244, 47.244, 0],
		[52, "U1_3", 1710.005, -455.195, "B", "DIP", "+5V", "", "O", 70.866, 102.362, 47.244, 47.244, 0],
		[53, "U2_1", 305, -816.575, "T", "DIP", "7-35VAC-2", "", "C", 86.614, 86.614, 55.118, 55.118, 270],
		[54, "U2_1", 305, -816.575, "B", "DIP", "7-35VAC-2", "", "C", 86.614, 86.614, 55.118, 55.118, 270],
		[55, "U2_2", 305, -1013.425, "T", "DIP", "7-35VAC-1", "", "C", 86.614, 86.614, 55.118, 55.118, 270],
		[56, "U2_2", 305, -1013.425, "B", "DIP", "7-35VAC-1", "", "C", 86.614, 86.614, 55.118, 55.118, 270],
		[57, "U3_1", 2575, -973.425, "T", "DIP", "+5V", "", "C", 86.614, 86.614, 55.118, 55.118, 90],
		[58, "U3_1", 2575, -973.425, "B", "DIP", "+5V", "", "C", 86.614, 86.614, 55.118, 55.118, 90],
		[59, "U3_2", 2575, -776.575, "T", "DIP", "GND", "GND", "C", 86.614, 86.614, 55.118, 55.118, 90],
		[60, "U3_2", 2575, -776.575, "B", "DIP", "GND", "GND", "C", 86.614, 86.614, 55.118, 55.118, 90],
		[61, "U4_1", 2210, -680.79, "T", "DIP", "$1N1333", "", "C", 55.118, 55.118, 31.496, 31.496, 90],
		[62, "U4_1", 2210, -680.79, "B", "DIP", "$1N1333", "", "C", 55.118, 55.118, 31.496, 31.496, 90],
		[63, "U4_2", 2210, -279.21, "T", "DIP", "+5V", "", "C", 55.118, 55.118, 31.496, 31.496, 90],
		[64, "U4_2", 2210, -279.21, "B", "DIP", "+5V", "", "C", 55.118, 55.118, 31.496, 31.496, 90],
		[65, "PAD1_2", 720, -811.575, "T", "DIP", "GND", "GND", "C", 62.992, 62.992, 39.37, 39.37, 90],
		[66, "PAD1_2", 720, -811.575, "B", "DIP", "GND", "GND", "C", 62.992, 62.992, 39.37, 39.37, 90],
		[67, "PAD2_1", 720, -1008.425, "T", "DIP", "$1N1516", "", "C", 62.992, 62.992, 39.37, 39.37, 90],
		[68, "PAD2_1", 720, -1008.425, "B", "DIP", "$1N1516", "", "C", 62.992, 62.992, 39.37, 39.37, 90],
		[69, "PAD3_2", 2205, -856.1, "T", "DIP", "GND", "GND", "C", 62.992, 62.992, 39.37, 39.37, 180],
		[70, "PAD3_2", 2205, -856.1, "B", "DIP", "GND", "GND", "C", 62.992, 62.992, 39.37, 39.37, 180],
		[71, "PAD4_1", 2205, -993.9, "T", "DIP", "+5V", "", "C", 62.992, 62.992, 39.37, 39.37, 180],
		[72, "PAD4_1", 2205, -993.9, "B", "DIP", "+5V", "", "C", 62.992, 62.992, 39.37, 39.37, 180],
		[73, "PAD5_1", 1092.168, -859.999, "T", "DIP", "GND", "GND", "C", 55.118, 55.118, 31.496, 31.496, 270],
		[74, "PAD5_1", 1092.168, -859.999, "B", "DIP", "GND", "GND", "C", 55.118, 55.118, 31.496, 31.496, 270],
		[75, "PAD6_2", 987.838, -959.999, "T", "DIP", "$1N1516", "", "C", 55.118, 55.118, 31.496, 31.496, 270],
		[76, "PAD6_2", 987.838, -959.999, "B", "DIP", "$1N1516", "", "C", 55.118, 55.118, 31.496, 31.496, 270],
		[77, "PAD7_1", 1972.168, -869.999, "T", "DIP", "GND", "GND", "C", 55.118, 55.118, 31.496, 31.496, 270],
		[78, "PAD7_1", 1972.168, -869.999, "B", "DIP", "GND", "GND", "C", 55.118, 55.118, 31.496, 31.496, 270],
		[79, "PAD8_2", 1867.838, -969.999, "T", "DIP", "+5V", "", "C", 55.118, 55.118, 31.496, 31.496, 270],
		[80, "PAD8_2", 1867.838, -969.999, "B", "DIP", "+5V", "", "C", 55.118, 55.118, 31.496, 31.496, 270],
		[81, "PAD9_1", 750, -293.74, "T", "DIP", "GND", "GND", "C", 70.866, 70.866, 39.37, 39.37, 270],
		[82, "PAD9_1", 750, -293.74, "B", "DIP", "GND", "GND", "C", 70.866, 70.866, 39.37, 39.37, 270],
		[83, "PAD10_2", 750, -636.26, "T", "DIP", "7-35VAC-1", "", "C", 70.866, 70.866, 39.37, 39.37, 270],
		[84, "PAD10_2", 750, -636.26, "B", "DIP", "7-35VAC-1", "", "C", 70.866, 70.866, 39.37, 39.37, 270],
		[85, "PAD11_1", 900, -293.74, "T", "DIP", "GND", "GND", "C", 70.866, 70.866, 39.37, 39.37, 270],
		[86, "PAD11_1", 900, -293.74, "B", "DIP", "GND", "GND", "C", 70.866, 70.866, 39.37, 39.37, 270],
		[87, "PAD12_2", 900, -636.26, "T", "DIP", "7-35VAC-2", "", "C", 70.866, 70.866, 39.37, 39.37, 270],
		[88, "PAD12_2", 900, -636.26, "B", "DIP", "7-35VAC-2", "", "C", 70.866, 70.866, 39.37, 39.37, 270],
		[89, "PAD13_1", 1070, -636.26, "T", "DIP", "7-35VAC-2", "", "C", 70.866, 70.866, 39.37, 39.37, 90],
		[90, "PAD13_1", 1070, -636.26, "B", "DIP", "7-35VAC-2", "", "C", 70.866, 70.866, 39.37, 39.37, 90],
		[91, "PAD14_2", 1070, -293.74, "T", "DIP", "$1N1516", "", "C", 70.866, 70.866, 39.37, 39.37, 90],
		[92, "PAD14_2", 1070, -293.74, "B", "DIP", "$1N1516", "", "C", 70.866, 70.866, 39.37, 39.37, 90],
		[93, "PAD15_1", 1215, -636.26, "T", "DIP", "7-35VAC-1", "", "C", 70.866, 70.866, 39.37, 39.37, 90],
		[94, "PAD15_1", 1215, -636.26, "B", "DIP", "7-35VAC-1", "", "C", 70.866, 70.866, 39.37, 39.37, 90],
		[95, "PAD16_2", 1215, -293.74, "T", "DIP", "$1N1516", "", "C", 70.866, 70.866, 39.37, 39.37, 90],
		[96, "PAD16_2", 1215, -293.74, "B", "DIP", "$1N1516", "", "C", 70.866, 70.866, 39.37, 39.37, 90],
		[97, "PAD17_1", 552.234, -487.769, "T", "DIP", "7-35VAC-1", "", "O", 78.74, 181.102, 47.244, 145.67, 0],
		[98, "PAD17_1", 552.234, -487.769, "B", "DIP", "7-35VAC-1", "", "O", 78.74, 181.102, 47.244, 145.67, 0],
		[99, "PAD18_2", 308.154, -487.759, "T", "DIP", "7-35VAC-2", "", "O", 78.74, 181.102, 47.244, 145.67, 180],
		[100, "PAD18_2", 308.154, -487.759, "B", "DIP", "7-35VAC-2", "", "O", 78.74, 181.102, 47.244, 145.67, 180],
		[101, "PAD19_1", 2550, -500, "T", "DIP", "+5V", "", "R", 78.74, 78.74, 47.244, 47.244, 90],
		[102, "PAD19_1", 2550, -500, "B", "DIP", "+5V", "", "R", 78.74, 78.74, 47.244, 47.244, 90],
		[103, "PAD20_2", 2550, -400, "T", "DIP", "GND", "GND", "C", 78.74, 78.74, 47.244, 47.244, 90],
		[104, "PAD20_2", 2550, -400, "B", "DIP", "GND", "GND", "C", 78.74, 78.74, 47.244, 47.244, 90],
		[105, "PAD21_2", 1609.995, -454.805, "T", "DIP", "GND", "GND", "O", 70.866, 102.362, 47.244, 47.244, 0],
		[106, "PAD21_2", 1609.995, -454.805, "B", "DIP", "GND", "GND", "O", 70.866, 102.362, 47.244, 47.244, 0],
		[107, "PAD22_3", 1710.005, -455.195, "T", "DIP", "+5V", "", "O", 70.866, 102.362, 47.244, 47.244, 0],
		[108, "PAD22_3", 1710.005, -455.195, "B", "DIP", "+5V", "", "O", 70.866, 102.362, 47.244, 47.244, 0],
		[109, "PAD23_1", 1509.995, -454.805, "T", "DIP", "$1N1516", "", "R", 70.866, 102.362, 47.244, 47.244, 0],
		[110, "PAD23_1", 1509.995, -454.805, "B", "DIP", "$1N1516", "", "R", 70.866, 102.362, 47.244, 47.244, 0],
		[111, "PAD24_1", 305, -816.575, "T", "DIP", "7-35VAC-2", "", "C", 86.614, 86.614, 55.118, 55.118, 270],
		[112, "PAD24_1", 305, -816.575, "B", "DIP", "7-35VAC-2", "", "C", 86.614, 86.614, 55.118, 55.118, 270],
		[113, "PAD25_2", 305, -1013.425, "T", "DIP", "7-35VAC-1", "", "C", 86.614, 86.614, 55.118, 55.118, 270],
		[114, "PAD25_2", 305, -1013.425, "B", "DIP", "7-35VAC-1", "", "C", 86.614, 86.614, 55.118, 55.118, 270],
		[115, "PAD26_1", 2575, -973.425, "T", "DIP", "+5V", "", "C", 86.614, 86.614, 55.118, 55.118, 90],
		[116, "PAD26_1", 2575, -973.425, "B", "DIP", "+5V", "", "C", 86.614, 86.614, 55.118, 55.118, 90],
		[117, "PAD27_2", 2575, -776.575, "T", "DIP", "GND", "GND", "C", 86.614, 86.614, 55.118, 55.118, 90],
		[118, "PAD27_2", 2575, -776.575, "B", "DIP", "GND", "GND", "C", 86.614, 86.614, 55.118, 55.118, 90],
		[119, "PAD28_2", 2050, -485, "T", "DIP", "$1N1333", "", "C", 70.866, 70.866, 39.37, 39.37, 0],
		[120, "PAD28_2", 2050, -485, "B", "DIP", "$1N1333", "", "C", 70.866, 70.866, 39.37, 39.37, 0],
		[121, "PAD29_1", 1950, -485, "T", "DIP", "GND", "GND", "C", 70.866, 70.866, 39.37, 39.37, 0],
		[122, "PAD29_1", 1950, -485, "B", "DIP", "GND", "GND", "C", 70.866, 70.866, 39.37, 39.37, 0],
		[123, "PAD30_1", 2210, -680.79, "T", "DIP", "$1N1333", "", "C", 55.118, 55.118, 31.496, 31.496, 90],
		[124, "PAD30_1", 2210, -680.79, "B", "DIP", "$1N1333", "", "C", 55.118, 55.118, 31.496, 31.496, 90],
		[125, "PAD31_2", 2210, -279.21, "T", "DIP", "+5V", "", "C", 55.118, 55.118, 31.496, 31.496, 90],
		[126, "PAD31_2", 2210, -279.21, "B", "DIP", "+5V", "", "C", 55.118, 55.118, 31.496, 31.496, 90]
	]
}
}