{
"lengthUnit": "mil",
"remark": [],
"components": {
	"fields": ["COMPONENT_NO", "COMPONENT_NAME", "LAYER", "X_COORDINATE", "Y_COORDINATE", "ANGLE"],
	"rows": [
		[1, "C1", "T", 935, -870, 180],
		[2, "C2", "T", 2125, -860, 0],
		[3, "C3", "T", 1300, -880, 270],
		[4, "C4", "T", 2485, -860, 90],
		[5, "DC1", "T", 534.51, -491.6, 0],
		[6, "H1", "T", 2475, -400, 270],
		[7, "H2", "T", 2585, -400, 270],
		[8, "LED1", "T", 1730, -880, 0],
		[9, "R1", "T", 1495.2335, -883.26, 0],
		[10, "U1", "T", 320, -865, 270],
		[11, "U2", "T", 2790, -850, 90],
		[12, "U3", "T", 1175, -385, 270],
		[13, "U4", "T", 785, -370, 90],
		[14, "U5", "T", 915, -370, 90],
		[15, "U6", "T", 1045, -385, 270],
		[16, "U7", "T", 1590, -470, 270],
		[17, "PAD1", "T", 1112.16, -870, 0],
		[18, "PAD2", "T", 757.84, -870, 0],
		[19, "PAD3", "T", 1947.84, -860, 0],
		[20, "PAD4", "T", 2302.16, -860, 0],
		[21, "PAD5", "T", 1300, -942.7, 0],
		[22, "PAD6", "T", 1300, -817.3, 0],
		[23, "PAD7", "T", 2485, -797.3, 0],
		[24, "PAD8", "T", 2485, -922.7, 0],
		[25, "PAD9", "T", 652.62, -399.015, 0],
		[26, "PAD9", "B", 652.62, -399.015, 0],
		[27, "PAD10", "T", 416.4, -399.015, 0],
		[28, "PAD10", "B", 416.4, -399.015, 0],
		[29, "PAD11", "T", 2475, -350, 0],
		[30, "PAD11", "B", 2475, -350, 0],
		[31, "PAD12", "T", 2475, -450, 0],
		[32, "PAD12", "B", 2475, -450, 0],
		[33, "PAD13", "T", 1788.762, -880, 0],
		[34, "PAD14", "T", 1671.242, -880, 0],
		[35, "PAD15", "T", 1553.4535, -883.26, 0],
		[36, "PAD16", "T", 1437.0135, -883.26, 0],
		[37, "PAD17", "T", 320, -765, 0],
		[38, "PAD17", "B", 320, -765, 0],
		[39, "PAD18", "T", 320, -965, 0],
		[40, "PAD18", "B", 320, -965, 0],
		[41, "PAD19", "T", 2790, -950, 0],
		[42, "PAD19", "B", 2790, -950, 0],
		[43, "PAD20", "T", 2790, -750, 0],
		[44, "PAD20", "B", 2790, -750, 0],
		[45, "PAD21", "T", 1175, -486, 0],
		[46, "PAD22", "T", 1175, -284, 0],
		[47, "PAD23", "T", 785, -269, 0],
		[48, "PAD24", "T", 785, -471, 0],
		[49, "PAD25", "T", 915, -269, 0],
		[50, "PAD26", "T", 915, -471, 0],
		[51, "PAD27", "T", 1045, -486, 0],
		[52, "PAD28", "T", 1045, -284, 0],
		[53, "PAD29", "T", 1499.84, -604.805, 0],
		[54, "PAD30", "T", 1680.16, -604.805, 0],
		[55, "PAD31", "T", 1590, -335.195, 0],
		[56, "PAD32", "T", 2585, -350, 0],
		[57, "PAD32", "B", 2585, -350, 0],
		[58, "PAD33", "T", 2585, -450, 0],
		[59, "PAD33", "B", 2585, -450, 0]
	]
},
"pins": {
	"fields": ["PIN_NO", "PIN_NAME", "PIN_X", "PIN_Y", "LAYER", "PIN_TYPE", "NET_NAME", "NET_TYPE", "PAD_SHAPE", "PAD_SIZEX", "PAD_SIZEY", "HOLE_SIZE", "HOLE_LEN", "PAD_ANGLE"],
	"rows": [
		[1, "C1_1", 1112.16, -870, "T", "SMD", "$1N952", "", "R", 177.165, 64.961, 0, 0, 180],
		[2, "C1_2", 757.84, -870, "T", "SMD", "GND", "GND", "R", 177.165, 64.961, 0, 0, 180],
		[3, "C2_1", 1947.84, -860, "T", "SMD", "+5V", "", "R", 177.165, 64.961, 0, 0, 0],
		[4, "C2_2", 2302.16, -860, "T", "SMD", "GND", "GND", "R", 177.165, 64.961, 0, 0, 0],
		[5, "C3_1", 1300, -817.3, "T", "SMD", "$1N952", "", "R", 58.465, 68.031, 0, 0, 270],
		[6, "C3_2", 1300, -942.7, "T", "SMD", "GND", "GND", "R", 58.465, 68.031, 0, 0, 270],
		[7, "C4_1", 2485, -922.7, "T", "SMD", "+5V", "", "R", 58.465, 68.031, 0, 0, 90],
		[8, "C4_2", 2485, -797.3, "T", "SMD", "GND", "GND", "R", 58.465, 68.031, 0, 0, 90],
		[9, "DC1_1", 652.62, -399.015, "T", "DIP", "7-35VAC-2", "", "O", 165.354, 70.866, 39.37, 137.795, 90],
		[10, "DC1_1", 652.62, -399.015, "B", "DIP", "7-35VAC-2", "", "O", 165.354, 70.866, 39.37, 137.795, 90],
		[11, "DC1_2", 416.4, -399.015, "T", "DIP", "7-35VAC-1", "", "O", 157.48, 70.866, 39.37, 129.92, 270],
		[12, "DC1_2", 416.4, -399.015, "B", "DIP", "7-35VAC-1", "", "O", 157.48, 70.866, 39.37, 129.92, 270],
		[13, "DC1_3", 534.5, -584.185, "T", "DIP", "NET_1", "", "O", 157.48, 70.866, 39.37, 129.92, 0],
		[14, "DC1_3", 534.5, -584.185, "B", "DIP", "NET_1", "", "O", 157.48, 70.866, 39.37, 129.92, 0],
		[15, "H1_1", 2475, -350, "T", "DIP", "GND", "GND", "R", 78.74, 78.74, 47.244, 47.244, 270],
		[16, "H1_1", 2475, -350, "B", "DIP", "GND", "GND", "R", 78.74, 78.74, 47.244, 47.244, 270],
		[17, "H1_2", 2475, -450, "T", "DIP", "+5V", "", "C", 78.74, 78.74, 47.244, 47.244, 270],
		[18, "H1_2", 2475, -450, "B", "DIP", "+5V", "", "C", 78.74, 78.74, 47.244, 47.244, 270],
		[19, "H2_1", 2585, -350, "T", "DIP", "GND", "GND", "R", 78.74, 78.74, 47.244, 47.244, 270],
		[20, "H2_1", 2585, -350, "B", "DIP", "GND", "GND", "R", 78.74, 78.74, 47.244, 47.244, 270],
		[21, "H2_2", 2585, -450, "T", "DIP", "+5V", "", "C", 78.74, 78.74, 47.244, 47.244, 270],
		[22, "H2_2", 2585, -450, "B", "DIP", "+5V", "", "C", 78.74, 78.74, 47.244, 47.244, 270],
		[23, "LED1_1", 1788.762, -880, "T", "SMD", "$1N986", "", "R", 58.465, 63.78, 0, 0, 0],
		[24, "LED1_2", 1671.242, -880, "T", "SMD", "GND", "GND", "R", 58.465, 63.78, 0, 0, 0],
		[25, "R1_1", 1437.0135, -883.26, "T", "SMD", "+5V", "", "R", 47.54, 66.969, 0, 0, 0],
		[26, "R1_2", 1553.4535, -883.26, "T", "SMD", "$1N986", "", "R", 47.54, 66.969, 0, 0, 0],
		[27, "U1_1", 320, -765, "T", "DIP", "7-35VAC-1", "", "C", 94.488, 94.488, 62.992, 62.992, 270],
		[28, "U1_1", 320, -765, "B", "DIP", "7-35VAC-1", "", "C", 94.488, 94.488, 62.992, 62.992, 270],
		[29, "U1_2", 320, -965, "T", "DIP", "7-35VAC-2", "", "C", 94.488, 94.488, 62.992, 62.992, 270],
		[30, "U1_2", 320, -965, "B", "DIP", "7-35VAC-2", "", "C", 94.488, 94.488, 62.992, 62.992, 270],
		[31, "U2_1", 2790, -950, "T", "DIP", "GND", "GND", "C", 94.488, 94.488, 62.992, 62.992, 90],
		[32, "U2_1", 2790, -950, "B", "DIP", "GND", "GND", "C", 94.488, 94.488, 62.992, 62.992, 90],
		[33, "U2_2", 2790, -750, "T", "DIP", "+5V", "", "C", 94.488, 94.488, 62.992, 62.992, 90],
		[34, "U2_2", 2790, -750, "B", "DIP", "+5V", "", "C", 94.488, 94.488, 62.992, 62.992, 90],
		[35, "U3_1", 1175, -284, "T", "SMD", "7-35VAC-2", "", "R", 80.566, 63.78, 0, 0, 270],
		[36, "U3_2", 1175, -486, "T", "SMD", "$1N952", "", "R", 80.566, 63.78, 0, 0, 270],
		[37, "U4_1", 785, -471, "T", "SMD", "GND", "GND", "R", 80.566, 63.78, 0, 0, 90],
		[38, "U4_2", 785, -269, "T", "SMD", "7-35VAC-2", "", "R", 80.566, 63.78, 0, 0, 90],
		[39, "U5_1", 915, -471, "T", "SMD", "GND", "GND", "R", 80.566, 63.78, 0, 0, 90],
		[40, "U5_2", 915, -269, "T", "SMD", "7-35VAC-1", "", "R", 80.566, 63.78, 0, 0, 90],
		[41, "U6_1", 1045, -284, "T", "SMD", "7-35VAC-1", "", "R", 80.566, 63.78, 0, 0, 270],
		[42, "U6_2", 1045, -486, "T", "SMD", "$1N952", "", "R", 80.566, 63.78, 0, 0, 270],
		[43, "U7_1", 1499.84, -604.805, "T", "SMD", "$1N952", "", "R", 118.11, 62.992, 0, 0, 270],
		[44, "U7_2", 1590, -335.195, "T", "SMD", "GND", "GND", "R", 244.094, 228.346, 0, 0, 270],
		[45, "U7_3", 1680.16, -604.805, "T", "SMD", "+5V", "", "R", 118.11, 62.992, 0, 0, 270],
		[46, "PAD1_1", 1112.16, -870, "T", "SMD", "$1N952", "", "R", 177.165, 64.961, 0, 0, 180],
		[47, "PAD2_2", 757.84, -870, "T", "SMD", "GND", "GND", "R", 177.165, 64.961, 0, 0, 180],
		[48, "PAD3_1", 1947.84, -860, "T", "SMD", "+5V", "", "R", 177.165, 64.961, 0, 0, 0],
		[49, "PAD4_2", 2302.16, -860, "T", "SMD", "GND", "GND", "R", 177.165, 64.961, 0, 0, 0],
		[50, "PAD5_2", 1300, -942.7, "T", "SMD", "GND", "GND", "R", 58.465, 68.031, 0, 0, 270],
		[51, "PAD6_1", 1300, -817.3, "T", "SMD", "$1N952", "", "R", 58.465, 68.031, 0, 0, 270],
		[52, "PAD7_2", 2485, -797.3, "T", "SMD", "GND", "GND", "R", 58.465, 68.031, 0, 0, 90],
		[53, "PAD8_1", 2485, -922.7, "T", "SMD", "+5V", "", "R", 58.465, 68.031, 0, 0, 90],
		[54, "PAD9_1", 652.62, -399.015, "T", "DIP", "7-35VAC-2", "", "O", 165.354, 70.866, 39.37, 137.795, 90],
		[55, "PAD9_1", 652.62, -399.015, "B", "DIP", "7-35VAC-2", "", "O", 165.354, 70.866, 39.37, 137.795, 90],
		[56, "PAD10_2", 416.4, -399.015, "T", "DIP", "7-35VAC-1", "", "O", 157.48, 70.866, 39.37, 129.92, 270],
		[57, "PAD10_2", 416.4, -399.015, "B", "DIP", "7-35VAC-1", "", "O", 157.48, 70.866, 39.37, 129.92, 270],
		[58, "PAD11_1", 2475, -350, "T", "DIP", "GND", "GND", "R", 78.74, 78.74, 47.244, 47.244, 270],
		[59, "PAD11_1", 2475, -350, "B", "DIP", "GND", "GND", "R", 78.74, 78.74, 47.244, 47.244, 270],
		[60, "PAD12_2", 2475, -450, "T", "DIP", "+5V", "", "C", 78.74, 78.74, 47.244, 47.244, 270],
		[61, "PAD12_2", 2475, -450, "B", "DIP", "+5V", "", "C", 78.74, 78.74, 47.244, 47.244, 270],
		[62, "PAD13_1", 1788.762, -880, "T", "SMD", "$1N986", "", "R", 58.465, 63.78, 0, 0, 0],
		[63, "PAD14_2", 1671.242, -880, "T", "SMD", "GND", "GND", "R", 58.465, 63.78, 0, 0, 0],
		[64, "PAD15_2", 1553.4535, -883.26, "T", "SMD", "$1N986", "", "R", 47.54, 66.969, 0, 0, 0],
		[65, "PAD16_1", 1437.0135, -883.26, "T", "SMD", "+5V", "", "R", 47.54, 66.969, 0, 0, 0],
		[66, "PAD17_1", 320, -765, "T", "DIP", "7-35VAC-1", "", "C", 94.488, 94.488, 62.992, 62.992, 270],
		[67, "PAD17_1", 320, -765, "B", "DIP", "7-35VAC-1", "", "C", 94.488, 94.488, 62.992, 62.992, 270],
		[68, "PAD18_2", 320, -965, "T", "DIP", "7-35VAC-2", "", "C", 94.488, 94.488, 62.992, 62.992, 270],
		[69, "PAD18_2", 320, -965, "B", "DIP", "7-35VAC-2", "", "C", 94.488, 94.488, 62.992, 62.992, 270],
		[70, "PAD19_1", 2790, -950, "T", "DIP", "GND", "GND", "C", 94.488, 94.488, 62.992, 62.992, 90],
		[71, "PAD19_1", 2790, -950, "B", "DIP", "GND", "GND", "C", 94.488, 94.488, 62.992, 62.992, 90],
		[72, "PAD20_2", 2790, -750, "T", "DIP", "+5V", "", "C", 94.488, 94.488, 62.992, 62.992, 90],
		[73, "PAD20_2", 2790, -750, "B", "DIP", "+5V", "", "C", 94.488, 94.488, 62.992, 62.992, 90],
		[74, "PAD21_2", 1175, -486, "T", "SMD", "$1N952", "", "R", 80.566, 63.78, 0, 0, 270],
		[75, "PAD22_1", 1175, -284, "T", "SMD", "7-35VAC-2", "", "R", 80.566, 63.78, 0, 0, 270],
		[76, "PAD23_2", 785, -269, "T", "SMD", "7-35VAC-2", "", "R", 80.566, 63.78, 0, 0, 90],
		[77, "PAD24_1", 785, -471, "T", "SMD", "GND", "GND", "R", 80.566, 63.78, 0, 0, 90],
		[78, "PAD25_2", 915, -269, "T", "SMD", "7-35VAC-1", "", "R", 80.566, 63.78, 0, 0, 90],
		[79, "PAD26_1", 915, -471, "T", "SMD", "GND", "GND", "R", 80.566, 63.78, 0, 0, 90],
		[80, "PAD27_2", 1045, -486, "T", "SMD", "$1N952", "", "R", 80.566, 63.78, 0, 0, 270],
		[81, "PAD28_1", 1045, -284, "T", "SMD", "7-35VAC-1", "", "R", 80.566, 63.78, 0, 0, 270],
		[82, "PAD29_1", 1499.84, -604.805, "T", "SMD", "$1N952", "", "R", 118.11, 62.992, 0, 0, 270],
		[83, "PAD30_3", 1680.16, -604.805, "T", "SMD", "+5V", "", "R", 118.11, 62.992, 0, 0, 270],
		[84, "PAD31_2", 1590, -335.195, "T", "SMD", "GND", "GND", "R", 244.094, 228.346, 0, 0, 270],
		[85, "PAD32_1", 2585, -350, "T", "DIP", "GND", "GND", "R", 78.74, 78.74, 47.244, 47.244, 270],
		[86, "PAD32_1", 2585, -350, "B", "DIP", "GND", "GND", "R", 78.74, 78.74, 47.244, 47.244, 270],
		[87, "PAD33_2", 2585, -450, "T", "DIP", "+5V", "", "C", 78.74, 78.74, 47.244, 47.244, 270],
		[88, "PAD33_2", 2585, -450, "B", "DIP", "+5V", "", "C", 78.74, 78.74, 47.244, 47.244, 270]
	]
}
}